"文件名","大小字节","SHA256"
"01_Nousiainen_2021_ModelBased_RL_AO.pdf","1370540","9D51B52765391CE8CF73EF36929BCE8656B7C4670E77A1892B9586B678851713"
"02_Nousiainen_2022_Toward_OnSky_AO_RL.pdf","3838945","014E86D19C69BB5BAD989B441B9AFB5A7F16DB0EDD7EA62A245BAC9D97A512FB"
"03_Nousiainen_2024_Laboratory_ModelBased_RL_AO.pdf","8866001","E7BFFAFC04C870D68A0A9285428711D15904F44C97759CFFAA9D131D419C31AB"
"04_Guyon_2017_EOF_Predictive_Control.pdf","2432616","A0416C29951E39D0D7ECB472BA6675540E7D10B53D626922DBE298282A66153E"
"05_Swanson_2021_ClosedLoop_Predictive_Control_CNN.pdf","3047835","4094F7EA72B84D5DC87AB9D2550E296C10953C847FE92903448D4697906B988A"
"06_Fowler_2022_Battle_Predictive_Wavefront_Controls.pdf","1033982","71807964D5C5652D57ACAC1BD212F494BA0CD9B9CB216F88945C6D309E31AE56"
"07_Chua_2018_Probabilistic_Dynamics_Models.pdf","4020485","7DBF3C65ECE763384258A60F5F4B26D7B849AD80765ED77435C4861F9583219C"
"08_Janner_2019_ModelBased_Policy_Optimization.pdf","3668344","89D12B6142A285E541F6315A8911DB469BEA33514F3B80BDBE6E52439197B149"
"09_Haffert_2021_DataDriven_Subspace_Predictive_Control.pdf","1612835","60F39058DE161B7B4A131731C79A1FE317BC26E77CB9E58306AA408679A34896"
"10_Back_to_Newtons_Laws_2024.pdf","28434166","EACECC99B5E21B776BB7E339A9553A0682CDE395E029B9B72112EAE275AA865A"
"11_Nousiainen_2026_OnSky_RL_AO.pdf","2561908","2250F635DDB2DC73FAA46990323D46576C10CF7D1F71F6F8183970CF7FE8CD1D"
"12_Haffert_2026_SelfLearning_Predictive_Control.pdf","299379","1319861EE09B42DF4812B2F424BC0EEEEFD54AAA9858B99995A6AE301713AE33"
"13_Parvizi_2023_WFSless_AO_RL_Environment.pdf","8021109","ED3531B721A69883DE517F4685DFAE8F7EC2BB58F994754529DED30C3D7D189A"
"17_SAC_Haarnoja_2018.pdf","2407011","B071079B67CED375AD88CBBBFD2FC363B3B8CCD894766FB5D329E7EE30D843F5"
"18_CPO_Achiam_2017.pdf","944800","738BA84A6CF3D6F947F91A467B13A3C888D908C050A0B9B58D097DA22959A08F"
"19_Pou_2022_AO_MARL.pdf","3003547","AB364D2C2FA7FF19653319FE4C0FEBE8A9C8E9B54AB416C32B9264C9112AA21F"
